"Package","Class","Field"
"org.apache.commons.cli","AlreadySelectedException","serialVersionUID"
"org.apache.commons.cli","AlreadySelectedException","group"
"org.apache.commons.cli","AmbiguousOptionException","serialVersionUID"
"org.apache.commons.cli","CommandLine","serialVersionUID"
"org.apache.commons.cli","CommandLine","deprecatedHandler"
"org.apache.commons.cli","Builder","args"
"org.apache.commons.cli","Builder","options"
"org.apache.commons.cli","Builder","deprecatedHandler"
"org.apache.commons.cli","DefaultParser","allowPartialMatching"
"org.apache.commons.cli","DefaultParser","stripLeadingAndTrailingQuotes"
"org.apache.commons.cli","DefaultParser","deprecatedHandler"
"org.apache.commons.cli","Builder","allowPartialMatching"
"org.apache.commons.cli","Builder","deprecatedHandler"
"org.apache.commons.cli","Builder","stripLeadingAndTrailingQuotes"
"org.apache.commons.cli","DeprecatedAttributes","EMPTY_STRING"
"org.apache.commons.cli","DeprecatedAttributes","forRemoval"
"org.apache.commons.cli","Builder","description"
"org.apache.commons.cli","Builder","forRemoval"
"org.apache.commons.cli","Builder","since"
"org.apache.commons.cli","HelpFormatter","HEADER_OPTIONS"
"org.apache.commons.cli","HelpFormatter","HEADER_SINCE"
"org.apache.commons.cli","HelpFormatter","HEADER_DESCRIPTION"
"org.apache.commons.cli","HelpFormatter","deprecatedFormatFunction"
"org.apache.commons.cli","HelpFormatter","printWriter"
"org.apache.commons.cli","HelpFormatter","showSince"
"org.apache.commons.cli","Builder","DEFAULT_DEPRECATED_FORMAT"
"org.apache.commons.cli","Builder","deprecatedFormatFunction"
"org.apache.commons.cli","Builder","printStream"
"org.apache.commons.cli","Builder","showSince"
"org.apache.commons.cli","OptionComparator","serialVersionUID"
"org.apache.commons.cli","MissingArgumentException","serialVersionUID"
"org.apache.commons.cli","MissingOptionException","serialVersionUID"
"org.apache.commons.cli","Option","serialVersionUID"
"org.apache.commons.cli","Option","argCount"
"org.apache.commons.cli","Option","longOption"
"org.apache.commons.cli","Option","option"
"org.apache.commons.cli","Option","optionalArg"
"org.apache.commons.cli","Option","required"
"org.apache.commons.cli","Builder","DEFAULT_TYPE"
"org.apache.commons.cli","Builder","argCount"
"org.apache.commons.cli","Builder","argName"
"org.apache.commons.cli","Builder","converter"
"org.apache.commons.cli","Builder","deprecated"
"org.apache.commons.cli","Builder","description"
"org.apache.commons.cli","Builder","longOption"
"org.apache.commons.cli","Builder","option"
"org.apache.commons.cli","Builder","optionalArg"
"org.apache.commons.cli","Builder","required"
"org.apache.commons.cli","Builder","since"
"org.apache.commons.cli","Builder","type"
"org.apache.commons.cli","Builder","valueSeparator"
"org.apache.commons.cli","OptionBuilder","longOption"
"org.apache.commons.cli","OptionBuilder","description"
"org.apache.commons.cli","OptionBuilder","argName"
"org.apache.commons.cli","OptionBuilder","required"
"org.apache.commons.cli","OptionBuilder","argCount"
"org.apache.commons.cli","OptionBuilder","type"
"org.apache.commons.cli","OptionBuilder","optionalArg"
"org.apache.commons.cli","OptionBuilder","valueSeparator"
"org.apache.commons.cli","OptionBuilder","INSTANCE"
"org.apache.commons.cli","OptionGroup","serialVersionUID"
"org.apache.commons.cli","OptionGroup","optionMap"
"org.apache.commons.cli","OptionGroup","required"
"org.apache.commons.cli","Options","serialVersionUID"
"org.apache.commons.cli","Options","shortOpts"
"org.apache.commons.cli","Options","longOpts"
"org.apache.commons.cli","Options","requiredOpts"
"org.apache.commons.cli","Options","optionGroups"
"org.apache.commons.cli","ParseException","serialVersionUID"
"org.apache.commons.cli","Parser","options"
"org.apache.commons.cli","Parser","requiredOptions"
"org.apache.commons.cli","PatternOptionBuilder","UNSUPPORTED"
"org.apache.commons.cli","PosixParser","tokens"
"org.apache.commons.cli","PosixParser","eatTheRest"
"org.apache.commons.cli","PosixParser","currentOption"
"org.apache.commons.cli","PosixParser","options"
"org.apache.commons.cli","TypeHandler","DEFAULT"
"org.apache.commons.cli","TypeHandler","HEX_RADIX"
"org.apache.commons.cli","TypeHandler","converterMap"
"org.apache.commons.cli","UnrecognizedOptionException","serialVersionUID"
